event_id,scene,time_utc,lon,lat,direction_deg,wavelength_m,quality,depth_m,season,polarity,regime,n_scen,ekdv_valid,c0_ms_med,eta0_kdv_m_med,eta0_kdv_m_lo,eta0_kdv_m_hi,c_kdv_ms_med,c_kdv_ms_lo,c_kdv_ms_hi,eta0_ekdv_m_med,eta0_ekdv_m_lo,eta0_ekdv_m_hi,c_ekdv_ms_med
S1A_IW_GRDH_1SD_20230604_E003,S1A_IW_GRDH_1SDV_20230604T102558_20230604T102623_048835_05DF6C_178C,2023-06-04T10:25:58Z,116.1482,22.63192,90.0,1405.0,high,63.5,summer,depression,kdv_ok,3,3,0.721,0.5,0.5,0.5,0.724,0.547,0.865,0.5,0.5,0.5,0.724
S1A_IW_GRDH_1SD_20230701_E009,S1A_IW_GRDH_1SDV_20230701T104928_20230701T104947_049229_05EB67_E318,2023-07-01T10:49:28Z,109.8195,18.29778,176.4,243.0,high,95.8,summer,depression,short_wave,6,0,0.846,42.7,15.2,70.2,1.035,0.721,1.335,,,,
S1A_IW_GRDH_1SD_20230701_E040,S1A_IW_GRDH_1SDV_20230701T104928_20230701T104947_049229_05EB67_E318,2023-07-01T10:49:28Z,110.79841,18.62309,91.2,337.0,high,212.8,summer,depression,short_wave,9,0,1.04,41.7,15.7,104.9,1.408,0.837,2.226,,,,
S1A_IW_GRDH_1SD_20230701_E050,S1A_IW_GRDH_1SDV_20230701T104928_20230701T104947_049229_05EB67_E318,2023-07-01T10:49:28Z,110.68519,18.56557,84.3,434.0,high,195.9,summer,depression,short_wave,9,3,1.034,23.4,8.7,61.2,1.189,0.752,1.836,11.3,11.3,11.3,1.011
S1A_IW_GRDH_1SD_20230701_E054,S1A_IW_GRDH_1SDV_20230701T104928_20230701T104947_049229_05EB67_E318,2023-07-01T10:49:28Z,110.61006,18.80171,107.2,195.0,high,173.7,summer,depression,short_wave,9,0,1.025,105.6,38.7,299.9,1.914,1.065,3.026,,,,
S1A_IW_GRDH_1SD_20230701_E070,S1A_IW_GRDH_1SDV_20230701T104928_20230701T104947_049229_05EB67_E318,2023-07-01T10:49:28Z,110.74614,18.79087,89.8,1033.0,high,191.5,summer,depression,kdv_ok,9,6,1.033,4.1,1.5,10.7,1.059,0.67,1.491,3.0,1.6,4.5,0.973
S1A_IW_GRDH_1SD_20230701_E077,S1A_IW_GRDH_1SDV_20230701T104928_20230701T104947_049229_05EB67_E318,2023-07-01T10:49:28Z,110.78848,18.95684,172.8,383.0,high,178.8,summer,depression,short_wave,9,3,1.027,28.0,10.3,77.5,1.204,0.762,1.845,15.5,15.5,15.5,1.041
S1A_IW_GRDH_1SD_20230701_E078,S1A_IW_GRDH_1SDV_20230701T104928_20230701T104947_049229_05EB67_E318,2023-07-01T10:49:28Z,110.71246,18.89854,90.0,195.0,high,169.1,summer,depression,short_wave,9,0,1.022,103.6,37.7,302.0,1.859,1.05,2.939,,,,
S1A_IW_GRDH_1SD_20230701_E087,S1A_IW_GRDH_1SDV_20230701T104928_20230701T104947_049229_05EB67_E318,2023-07-01T10:49:28Z,110.99819,18.99836,90.0,152.0,high,204.1,summer,depression,short_wave,9,0,1.037,197.8,74.1,506.3,3.016,1.493,4.992,,,,
S1A_IW_GRDH_1SD_20230701_E090,S1A_IW_GRDH_1SDV_20230701T104928_20230701T104947_049229_05EB67_E318,2023-07-01T10:49:28Z,110.8628,19.0244,84.4,1103.0,high,172.8,summer,depression,kdv_ok,9,6,1.024,3.3,1.2,9.4,1.045,0.661,1.437,2.4,1.2,3.6,0.96
S1A_IW_GRDH_1SD_20230703_E020,S1A_IW_GRDH_1SDV_20230703T103344_20230703T103413_049258_05EC51_A4EB,2023-07-03T10:33:44Z,113.20589,20.91402,89.8,109.0,high,131.5,summer,depression,short_wave,6,0,0.906,192.2,96.3,288.1,2.351,1.559,3.535,,,,
S1A_IW_GRDH_1SD_20230703_E074,S1A_IW_GRDH_1SDV_20230703T103344_20230703T103413_049258_05EC51_A4EB,2023-07-03T10:33:44Z,113.25832,21.04884,44.6,434.0,high,129.1,summer,depression,kdv_ok,6,3,0.903,12.0,6.0,18.1,0.996,0.686,1.309,7.8,7.8,7.8,0.918
S1A_IW_GRDH_1SD_20230703_E089,S1A_IW_GRDH_1SDV_20230703T103344_20230703T103413_049258_05EC51_A4EB,2023-07-03T10:33:44Z,112.23909,21.35693,90.0,284.0,high,58.4,summer,depression,kdv_ok,3,0,0.701,13.6,13.6,13.6,0.748,0.566,0.894,,,,
S1A_IW_GRDH_1SD_20230703_E093,S1A_IW_GRDH_1SDV_20230703T103344_20230703T103413_049258_05EC51_A4EB,2023-07-03T10:33:44Z,114.04815,21.14147,97.5,551.0,high,148.6,summer,depression,kdv_ok,9,3,1.002,11.9,4.2,42.8,1.078,0.682,1.477,4.8,4.8,4.8,0.905
S1A_IW_GRDH_1SD_20230703_E202,S1A_IW_GRDH_1SDV_20230703T103344_20230703T103413_049258_05EC51_A4EB,2023-07-03T10:33:44Z,114.26438,21.49186,89.9,390.0,high,114.7,summer,depression,kdv_ok,6,3,0.882,14.5,6.7,22.3,0.983,0.679,1.276,10.6,10.6,10.6,0.919
S1A_IW_GRDH_1SD_20230703_E205,S1A_IW_GRDH_1SDV_20230703T103344_20230703T103413_049258_05EC51_A4EB,2023-07-03T10:33:44Z,114.37449,21.46504,87.7,135.0,high,150.0,summer,depression,short_wave,9,0,1.004,199.7,70.5,701.7,2.479,1.361,3.92,,,,
S1A_IW_GRDH_1SD_20230703_E225,S1A_IW_GRDH_1SDV_20230703T103344_20230703T103413_049258_05EC51_A4EB,2023-07-03T10:33:44Z,114.12082,21.57587,90.3,329.0,high,107.4,summer,depression,kdv_ok,6,0,0.87,20.6,9.0,32.3,0.997,0.69,1.291,,,,
S1A_IW_GRDH_1SD_20230703_E247,S1A_IW_GRDH_1SDV_20230703T103344_20230703T103413_049258_05EC51_A4EB,2023-07-03T10:33:44Z,114.46553,21.62271,0.0,1484.0,high,133.1,summer,depression,kdv_ok,9,6,0.98,1.6,0.5,8.8,0.991,0.636,1.288,1.1,0.5,1.7,0.917
S1A_IW_GRDH_1SD_20230703_E293,S1A_IW_GRDH_1SDV_20230703T103344_20230703T103413_049258_05EC51_A4EB,2023-07-03T10:33:44Z,113.82785,21.79421,92.8,174.0,high,63.8,summer,depression,short_wave,3,0,0.723,29.6,29.6,29.6,0.875,0.661,1.046,,,,
S1A_IW_GRDH_1SD_20230703_E316,S1A_IW_GRDH_1SDV_20230703T103344_20230703T103413_049258_05EC51_A4EB,2023-07-03T10:33:44Z,114.45662,21.828,89.8,793.0,high,103.7,summer,depression,kdv_ok,6,3,0.863,3.6,1.5,5.7,0.883,0.623,1.127,1.6,1.6,1.6,0.824
S1A_IW_GRDH_1SD_20230703_E331,S1A_IW_GRDH_1SDV_20230703T103344_20230703T103413_049258_05EC51_A4EB,2023-07-03T10:33:44Z,114.10443,21.83713,104.4,309.0,high,78.8,summer,depression,kdv_ok,3,0,0.766,8.7,8.7,8.7,0.836,0.632,1.0,,,,
S1A_IW_GRDH_1SD_20230706_E003,S1A_IW_GRDH_1SDV_20230706T105719_20230706T105744_049302_05EDAA_E4CD,2023-07-06T10:57:19Z,109.12574,16.77873,179.8,599.0,high,235.3,summer,depression,short_wave,9,6,1.047,14.4,5.5,35.2,1.148,0.726,1.766,14.5,6.1,22.8,1.059
S1A_IW_GRDH_1SD_20230706_E024,S1A_IW_GRDH_1SDV_20230706T105719_20230706T105744_049302_05EDAA_E4CD,2023-07-06T10:57:19Z,109.19579,16.83413,90.6,1145.0,high,232.1,summer,depression,kdv_ok,9,9,1.046,3.9,1.5,9.5,1.073,0.679,1.554,4.2,1.5,12.4,1.074
S1A_IW_GRDH_1SD_20230706_E029,S1A_IW_GRDH_1SDV_20230706T105719_20230706T105744_049302_05EDAA_E4CD,2023-07-06T10:57:19Z,107.94218,16.84815,90.0,128.0,high,119.0,summer,depression,short_wave,6,0,0.889,135.0,64.3,205.7,1.775,1.21,2.589,,,,
S1A_IW_GRDH_1SD_20230706_E059,S1A_IW_GRDH_1SDV_20230706T105719_20230706T105744_049302_05EDAA_E4CD,2023-07-06T10:57:19Z,109.09213,16.94292,90.0,335.0,high,226.9,summer,depression,short_wave,9,0,1.045,44.6,16.9,110.0,1.477,0.856,2.335,,,,
S1A_IW_GRDH_1SD_20230706_E114,S1A_IW_GRDH_1SDV_20230706T105719_20230706T105744_049302_05EDAA_E4CD,2023-07-06T10:57:19Z,108.04987,17.06458,89.7,220.0,high,166.7,summer,depression,short_wave,9,0,1.021,80.6,29.2,238.6,1.624,0.957,2.567,,,,
S1A_IW_GRDH_1SD_20230706_E160,S1A_IW_GRDH_1SDV_20230706T105719_20230706T105744_049302_05EDAA_E4CD,2023-07-06T10:57:19Z,107.86926,17.12972,85.5,263.0,high,151.8,summer,depression,short_wave,9,0,1.006,53.0,18.8,181.5,1.317,0.833,2.033,,,,
S1A_IW_GRDH_1SD_20230706_E223,S1A_IW_GRDH_1SDV_20230706T105719_20230706T105744_049302_05EDAA_E4CD,2023-07-06T10:57:19Z,108.99421,17.30153,166.3,515.0,high,202.2,summer,depression,short_wave,9,3,1.037,17.1,6.4,43.9,1.151,0.728,1.743,7.5,7.5,7.5,0.97
S1A_IW_GRDH_1SD_20230706_E231,S1A_IW_GRDH_1SDV_20230706T105719_20230706T105744_049302_05EDAA_E4CD,2023-07-06T10:57:19Z,107.23492,17.33299,80.0,287.0,high,100.5,summer,depression,short_wave,6,0,0.856,28.5,11.3,45.7,1.004,0.699,1.297,,,,
S1A_IW_GRDH_1SD_20230706_E243,S1A_IW_GRDH_1SDV_20230706T105719_20230706T105744_049302_05EDAA_E4CD,2023-07-06T10:57:19Z,107.98791,17.57153,77.9,288.0,high,172.7,summer,depression,short_wave,9,0,1.024,48.2,17.6,137.7,1.346,0.837,2.129,,,,
S1A_IW_GRDH_1SD_20230706_E294,S1A_IW_GRDH_1SDV_20230706T105719_20230706T105744_049302_05EDAA_E4CD,2023-07-06T10:57:19Z,108.20241,17.51209,43.8,1265.0,high,164.9,summer,depression,kdv_ok,9,6,1.02,2.4,0.9,7.3,1.035,0.654,1.404,1.7,0.9,2.6,0.95
S1A_IW_GRDH_1SD_20230706_E309,S1A_IW_GRDH_1SDV_20230706T105719_20230706T105744_049302_05EDAA_E4CD,2023-07-06T10:57:19Z,108.44143,17.50406,67.3,301.0,high,181.4,summer,depression,short_wave,9,0,1.028,45.8,16.9,125.5,1.357,0.835,2.146,,,,
S1A_IW_GRDH_1SD_20230706_E310,S1A_IW_GRDH_1SDV_20230706T105719_20230706T105744_049302_05EDAA_E4CD,2023-07-06T10:57:19Z,107.44457,17.52296,89.9,329.0,high,122.5,summer,depression,short_wave,6,0,0.894,20.6,10.0,31.2,1.042,0.717,1.38,,,,
S1A_IW_GRDH_1SD_20230706_E395,S1A_IW_GRDH_1SDV_20230706T105719_20230706T105744_049302_05EDAA_E4CD,2023-07-06T10:57:19Z,108.83319,17.74401,89.1,256.0,high,152.6,summer,depression,short_wave,9,0,1.007,56.1,19.9,190.1,1.337,0.846,2.082,,,,
S1A_IW_GRDH_1SD_20230706_E402,S1A_IW_GRDH_1SDV_20230706T105719_20230706T105744_049302_05EDAA_E4CD,2023-07-06T10:57:19Z,108.69394,17.80982,86.8,350.0,high,158.9,summer,depression,short_wave,9,0,1.014,30.8,11.1,97.3,1.199,0.758,1.784,,,,
S1A_IW_GRDH_1SD_20230706_E463,S1A_IW_GRDH_1SDV_20230706T105719_20230706T105744_049302_05EDAA_E4CD,2023-07-06T10:57:19Z,107.96133,17.88259,92.3,214.0,high,184.8,summer,depression,short_wave,9,0,1.03,92.0,34.0,248.6,1.85,1.025,2.926,,,,
S1A_IW_GRDH_1SD_20230706_E465,S1A_IW_GRDH_1SDV_20230706T105719_20230706T105744_049302_05EDAA_E4CD,2023-07-06T10:57:19Z,109.03158,17.90112,105.0,1051.0,high,133.3,summer,depression,kdv_ok,9,6,0.98,3.1,1.0,17.3,1.002,0.641,1.305,2.3,1.1,3.6,0.926
S1A_IW_GRDH_1SD_20230706_E466,S1A_IW_GRDH_1SDV_20230706T105719_20230706T105744_049302_05EDAA_E4CD,2023-07-06T10:57:19Z,107.28401,17.889,2.7,620.0,high,126.2,summer,depression,kdv_ok,6,3,0.899,5.8,2.9,8.8,0.946,0.654,1.226,3.2,3.2,3.2,0.867
S1A_IW_GRDH_1SD_20230706_E469,S1A_IW_GRDH_1SDV_20230706T105719_20230706T105744_049302_05EDAA_E4CD,2023-07-06T10:57:19Z,108.88205,18.05761,78.4,599.0,high,89.4,summer,depression,kdv_ok,6,3,0.829,8.8,2.4,15.2,0.856,0.612,1.079,2.8,2.8,2.8,0.811
S1A_IW_GRDH_1SD_20230706_E473,S1A_IW_GRDH_1SDV_20230706T105719_20230706T105744_049302_05EDAA_E4CD,2023-07-06T10:57:19Z,108.64426,17.89716,90.7,210.0,high,152.1,summer,depression,short_wave,9,0,1.006,83.2,29.5,283.8,1.541,0.944,2.436,,,,
S1A_IW_GRDH_1SD_20230706_E499,S1A_IW_GRDH_1SDV_20230706T105719_20230706T105744_049302_05EDAA_E4CD,2023-07-06T10:57:19Z,108.68807,17.99866,89.2,354.0,high,136.4,summer,depression,short_wave,9,0,0.985,27.7,9.4,134.6,1.147,0.725,1.593,,,,
S1A_IW_GRDH_1SD_20230706_E520,S1A_IW_GRDH_1SDV_20230706T105719_20230706T105744_049302_05EDAA_E4CD,2023-07-06T10:57:19Z,109.03102,18.02063,179.5,270.0,high,87.0,summer,depression,kdv_ok,3,0,0.782,11.7,11.7,11.7,0.891,0.674,1.065,,,,
S1A_IW_GRDH_1SD_20230706_E532,S1A_IW_GRDH_1SDV_20230706T105719_20230706T105744_049302_05EDAA_E4CD,2023-07-06T10:57:19Z,108.61281,18.09041,76.5,609.0,high,129.0,summer,depression,kdv_ok,6,3,0.903,6.1,3.0,9.2,0.953,0.658,1.237,3.4,3.4,3.4,0.872
S1A_IW_GRDH_1SD_20230706_E537,S1A_IW_GRDH_1SDV_20230706T105719_20230706T105744_049302_05EDAA_E4CD,2023-07-06T10:57:19Z,107.63627,18.09381,75.4,314.0,high,141.1,summer,depression,short_wave,9,0,0.992,35.7,12.3,149.7,1.199,0.758,1.723,,,,
S1A_IW_GRDH_1SD_20230706_E542,S1A_IW_GRDH_1SDV_20230706T105719_20230706T105744_049302_05EDAA_E4CD,2023-07-06T10:57:19Z,108.23142,18.0979,92.5,350.0,high,157.4,summer,depression,short_wave,9,0,1.012,30.6,11.0,98.1,1.196,0.757,1.773,,,,
S1A_IW_GRDH_1SD_20230706_E589,S1A_IW_GRDH_1SDV_20230706T105719_20230706T105744_049302_05EDAA_E4CD,2023-07-06T10:57:19Z,107.6169,18.16851,124.7,492.0,high,134.4,summer,depression,kdv_ok,9,3,0.982,14.3,4.8,75.1,1.073,0.679,1.431,5.8,5.8,5.8,0.903
S1A_IW_GRDH_1SD_20230706_E601,S1A_IW_GRDH_1SDV_20230706T105719_20230706T105744_049302_05EDAA_E4CD,2023-07-06T10:57:19Z,108.04872,18.19803,90.2,208.0,high,164.3,summer,depression,short_wave,9,0,1.019,89.2,32.3,268.9,1.687,0.986,2.667,,,,
S1A_IW_GRDH_1SD_20230706_E602,S1A_IW_GRDH_1SDV_20230706T105719_20230706T105744_049302_05EDAA_E4CD,2023-07-06T10:57:19Z,108.12021,18.20517,81.4,420.0,high,161.4,summer,depression,short_wave,9,3,1.016,21.6,7.8,66.7,1.147,0.726,1.668,10.3,10.3,10.3,0.975
S1A_IW_GRDH_1SD_20230706_E615,S1A_IW_GRDH_1SDV_20230706T105719_20230706T105744_049302_05EDAA_E4CD,2023-07-06T10:57:19Z,107.09626,18.22589,21.8,280.0,high,128.7,summer,depression,short_wave,6,0,0.902,28.9,14.3,43.4,1.111,0.765,1.509,,,,
S1A_IW_GRDH_1SD_20230706_E006,S1A_IW_GRDH_1SDV_20230706T105744_20230706T105800_049302_05EDAA_55E0,2023-07-06T10:57:44Z,108.48107,18.35106,82.1,192.0,high,91.9,summer,depression,short_wave,6,0,0.836,76.5,23.8,129.2,1.117,0.776,1.443,,,,
S1A_IW_GRDH_1SD_20230706_E011,S1A_IW_GRDH_1SDV_20230706T105744_20230706T105800_049302_05EDAA_55E0,2023-07-06T10:57:44Z,107.87115,18.30846,89.3,134.0,high,156.5,summer,depression,short_wave,9,0,1.011,208.1,74.4,673.0,2.66,1.416,4.207,,,,
S1A_IW_GRDH_1SD_20230706_E039,S1A_IW_GRDH_1SDV_20230706T105744_20230706T105800_049302_05EDAA_55E0,2023-07-06T10:57:44Z,108.51953,18.37291,18.7,593.0,high,67.3,summer,depression,kdv_ok,3,0,0.734,2.4,2.4,2.4,0.749,0.566,0.895,,,,
S1A_IW_GRDH_1SD_20230706_E047,S1A_IW_GRDH_1SDV_20230706T105744_20230706T105800_049302_05EDAA_55E0,2023-07-06T10:57:44Z,108.41815,18.37515,104.5,1342.0,high,108.8,summer,depression,kdv_ok,6,6,0.873,1.2,0.5,1.9,0.88,0.619,1.125,1.4,0.6,2.3,0.881
S1A_IW_GRDH_1SD_20230706_E134,S1A_IW_GRDH_1SDV_20230706T105744_20230706T105800_049302_05EDAA_55E0,2023-07-06T10:57:44Z,108.05806,18.57976,90.1,916.0,high,120.5,summer,depression,kdv_ok,6,6,0.891,2.6,1.3,4.0,0.911,0.635,1.174,3.4,1.3,5.4,0.913
S1A_IW_GRDH_1SD_20230706_E149,S1A_IW_GRDH_1SDV_20230706T105744_20230706T105800_049302_05EDAA_55E0,2023-07-06T10:57:44Z,107.86341,18.58153,98.6,210.0,high,153.4,summer,depression,short_wave,9,0,1.008,83.7,29.7,280.5,1.555,0.948,2.458,,,,
S1A_IW_GRDH_1SD_20230706_E156,S1A_IW_GRDH_1SDV_20230706T105744_20230706T105800_049302_05EDAA_55E0,2023-07-06T10:57:44Z,107.2229,18.63197,90.7,151.0,high,137.2,summer,depression,short_wave,9,0,0.986,152.5,52.1,719.1,1.902,1.146,3.008,,,,
S1A_IW_GRDH_1SD_20230706_E167,S1A_IW_GRDH_1SDV_20230706T105744_20230706T105800_049302_05EDAA_55E0,2023-07-06T10:57:44Z,106.78203,18.67487,89.9,507.0,high,110.7,summer,depression,kdv_ok,6,3,0.876,8.6,3.9,13.3,0.932,0.65,1.2,4.7,4.7,4.7,0.864
S1A_IW_GRDH_1SD_20230706_E185,S1A_IW_GRDH_1SDV_20230706T105744_20230706T105800_049302_05EDAA_55E0,2023-07-06T10:57:44Z,108.08469,18.69943,90.6,317.0,high,114.9,summer,depression,short_wave,6,0,0.883,21.9,10.2,33.7,1.032,0.711,1.353,,,,
S1A_IW_GRDH_1SD_20230706_E245,S1A_IW_GRDH_1SDV_20230706T105744_20230706T105800_049302_05EDAA_55E0,2023-07-06T10:57:44Z,107.26708,18.81972,90.2,949.0,high,132.8,summer,depression,kdv_ok,9,6,0.98,3.8,1.3,21.7,1.006,0.643,1.311,3.0,1.3,4.6,0.93
S1A_IW_GRDH_1SD_20230706_E278,S1A_IW_GRDH_1SDV_20230706T105744_20230706T105800_049302_05EDAA_55E0,2023-07-06T10:57:44Z,108.18846,18.87871,64.8,250.0,high,64.4,summer,depression,kdv_ok,3,0,0.725,14.2,14.2,14.2,0.8,0.605,0.956,,,,
S1A_IW_GRDH_1SD_20230706_E322,S1A_IW_GRDH_1SDV_20230706T105744_20230706T105800_049302_05EDAA_55E0,2023-07-06T10:57:44Z,108.32838,18.98821,75.3,822.0,high,56.1,summer,depression,kdv_ok,3,0,0.69,1.9,1.9,1.9,0.695,0.525,0.831,,,,
S1A_IW_GRDH_1SD_20230706_E354,S1A_IW_GRDH_1SDV_20230706T105744_20230706T105800_049302_05EDAA_55E0,2023-07-06T10:57:44Z,107.72436,19.04877,90.0,265.0,high,130.1,summer,depression,short_wave,6,0,0.904,32.4,16.2,48.6,1.139,0.785,1.56,,,,
S1A_IW_GRDH_1SD_20230706_E363,S1A_IW_GRDH_1SDV_20230706T105744_20230706T105800_049302_05EDAA_55E0,2023-07-06T10:57:44Z,108.00459,19.08078,89.9,1319.0,high,136.0,summer,depression,kdv_ok,9,6,0.985,2.0,0.7,9.8,0.999,0.639,1.304,1.4,0.7,2.2,0.923
S1A_IW_GRDH_1SD_20230708_E001,S1A_IW_GRDH_1SDV_20230708T104129_20230708T104158_049331_05EE9E_A6CD,2023-07-08T10:41:29Z,110.68738,19.0048,170.9,357.0,high,127.7,summer,depression,short_wave,6,0,0.901,17.7,8.8,26.6,1.033,0.711,1.371,,,,
S1A_IW_GRDH_1SD_20230708_E014,S1A_IW_GRDH_1SDV_20230708T104129_20230708T104158_049331_05EE9E_A6CD,2023-07-08T10:41:29Z,111.89394,19.11148,82.9,527.0,high,325.8,summer,depression,short_wave,9,3,1.064,25.2,9.7,58.6,1.35,0.793,2.135,11.8,11.8,11.8,1.064
S1A_IW_GRDH_1SD_20230708_E025,S1A_IW_GRDH_1SDV_20230708T104129_20230708T104158_049331_05EE9E_A6CD,2023-07-08T10:41:29Z,111.7268,19.13588,86.7,260.0,high,287.8,summer,depression,short_wave,9,0,1.058,92.0,35.3,216.7,2.137,1.097,3.557,,,,
S1A_IW_GRDH_1SD_20230708_E077,S1A_IW_GRDH_1SDV_20230708T104129_20230708T104158_049331_05EE9E_A6CD,2023-07-08T10:41:29Z,111.60146,19.49023,89.9,397.0,high,222.2,summer,depression,short_wave,9,3,1.043,31.2,11.8,77.4,1.304,0.796,2.061,17.3,17.3,17.3,1.09
S1A_IW_GRDH_1SD_20230708_E103,S1A_IW_GRDH_1SDV_20230708T104129_20230708T104158_049331_05EE9E_A6CD,2023-07-08T10:41:29Z,112.86275,19.49104,90.1,830.0,high,379.1,summer,depression,short_wave,9,6,1.07,11.8,4.5,27.0,1.177,0.734,1.862,9.4,4.9,13.9,1.069
S1A_IW_GRDH_1SD_20230708_E114,S1A_IW_GRDH_1SDV_20230708T104129_20230708T104158_049331_05EE9E_A6CD,2023-07-08T10:41:29Z,112.62833,19.53712,90.0,560.0,high,336.1,summer,depression,short_wave,9,3,1.065,23.0,8.9,53.3,1.325,0.784,2.095,10.5,10.5,10.5,1.049
S1A_IW_GRDH_1SD_20230708_E122,S1A_IW_GRDH_1SDV_20230708T104129_20230708T104158_049331_05EE9E_A6CD,2023-07-08T10:41:29Z,111.48769,19.5837,168.5,996.0,high,200.3,summer,depression,kdv_ok,9,6,1.036,4.5,1.7,11.7,1.066,0.674,1.516,3.4,1.8,5.0,0.979
S1A_IW_GRDH_1SD_20230708_E125,S1A_IW_GRDH_1SDV_20230708T104129_20230708T104158_049331_05EE9E_A6CD,2023-07-08T10:41:29Z,112.73016,19.60355,89.8,1462.0,high,317.6,summer,depression,kdv_ok,9,9,1.063,3.2,1.2,7.4,1.087,0.687,1.618,3.3,1.3,8.3,1.087
S1A_IW_GRDH_1SD_20230708_E132,S1A_IW_GRDH_1SDV_20230708T104129_20230708T104158_049331_05EE9E_A6CD,2023-07-08T10:41:29Z,111.85468,19.87427,93.5,234.0,high,181.9,summer,depression,short_wave,9,0,1.028,76.0,28.0,207.7,1.669,0.957,2.639,,,,
S1A_IW_GRDH_1SD_20230708_E134,S1A_IW_GRDH_1SDV_20230708T104129_20230708T104158_049331_05EE9E_A6CD,2023-07-08T10:41:29Z,112.83823,19.59521,90.1,142.0,high,348.5,summer,depression,short_wave,9,0,1.067,370.1,143.0,855.7,5.542,2.455,10.376,,,,
S1A_IW_GRDH_1SD_20230708_E140,S1A_IW_GRDH_1SDV_20230708T104129_20230708T104158_049331_05EE9E_A6CD,2023-07-08T10:41:29Z,111.12106,19.61827,44.5,1085.0,high,128.5,summer,depression,kdv_ok,6,6,0.902,1.9,1.0,2.9,0.918,0.638,1.185,2.2,1.0,3.3,0.918
S1A_IW_GRDH_1SD_20230708_E159,S1A_IW_GRDH_1SDV_20230708T104129_20230708T104158_049331_05EE9E_A6CD,2023-07-08T10:41:29Z,112.51498,19.66758,165.8,497.0,high,266.1,summer,depression,short_wave,9,3,1.054,23.4,9.0,55.8,1.269,0.774,2.007,10.9,10.9,10.9,1.037
S1A_IW_GRDH_1SD_20230708_E175,S1A_IW_GRDH_1SDV_20230708T104129_20230708T104158_049331_05EE9E_A6CD,2023-07-08T10:41:29Z,112.33933,19.76791,175.4,910.0,high,226.8,summer,depression,kdv_ok,9,6,1.045,6.0,2.3,14.9,1.086,0.687,1.588,4.6,2.4,6.8,0.998
S1A_IW_GRDH_1SD_20230708_E177,S1A_IW_GRDH_1SDV_20230708T104129_20230708T104158_049331_05EE9E_A6CD,2023-07-08T10:41:29Z,111.65182,19.7644,89.0,281.0,high,194.8,summer,depression,short_wave,9,0,1.034,55.7,20.7,145.8,1.511,0.885,2.389,,,,
S1A_IW_GRDH_1SD_20230708_E181,S1A_IW_GRDH_1SDV_20230708T104129_20230708T104158_049331_05EE9E_A6CD,2023-07-08T10:41:29Z,112.41136,19.74646,85.8,372.0,high,246.2,summer,depression,short_wave,9,0,1.05,38.9,14.8,94.0,1.445,0.838,2.284,,,,
S1A_IW_GRDH_1SD_20230708_E183,S1A_IW_GRDH_1SDV_20230708T104129_20230708T104158_049331_05EE9E_A6CD,2023-07-08T10:41:29Z,111.54021,19.76197,89.0,114.0,high,190.2,summer,depression,short_wave,9,0,1.032,331.6,123.2,880.2,4.208,2.017,7.032,,,,
S1A_IW_GRDH_1SD_20230708_E192,S1A_IW_GRDH_1SDV_20230708T104129_20230708T104158_049331_05EE9E_A6CD,2023-07-08T10:41:29Z,111.21588,19.82827,102.5,171.0,high,119.7,summer,depression,short_wave,6,0,0.89,75.7,36.2,115.2,1.387,0.955,1.964,,,,
S1A_IW_GRDH_1SD_20230708_E195,S1A_IW_GRDH_1SDV_20230708T104129_20230708T104158_049331_05EE9E_A6CD,2023-07-08T10:41:29Z,111.38693,20.00612,121.8,221.0,high,139.9,summer,depression,short_wave,9,0,0.99,71.8,24.7,311.0,1.392,0.88,2.134,,,,
S1A_IW_GRDH_1SD_20230708_E204,S1A_IW_GRDH_1SDV_20230708T104129_20230708T104158_049331_05EE9E_A6CD,2023-07-08T10:41:29Z,112.50325,19.83998,9.7,385.0,high,229.3,summer,depression,short_wave,9,3,1.045,34.1,12.9,83.8,1.353,0.811,2.139,20.5,20.5,20.5,1.125
S1A_IW_GRDH_1SD_20230708_E213,S1A_IW_GRDH_1SDV_20230708T104129_20230708T104158_049331_05EE9E_A6CD,2023-07-08T10:41:29Z,112.69844,19.86455,0.4,648.0,high,238.8,summer,depression,short_wave,9,6,1.048,12.5,4.7,30.4,1.136,0.718,1.734,11.2,5.2,17.2,1.046
S1A_IW_GRDH_1SD_20230708_E238,S1A_IW_GRDH_1SDV_20230708T104129_20230708T104158_049331_05EE9E_A6CD,2023-07-08T10:41:29Z,112.29735,19.98048,0.4,985.0,high,199.5,summer,depression,kdv_ok,9,6,1.036,4.6,1.7,12.0,1.066,0.674,1.516,3.5,1.8,5.1,0.98
S1A_IW_GRDH_1SD_20230708_E250,S1A_IW_GRDH_1SDV_20230708T104129_20230708T104158_049331_05EE9E_A6CD,2023-07-08T10:41:29Z,111.84605,20.20171,90.8,726.0,high,163.7,summer,depression,kdv_ok,9,6,1.019,7.3,2.6,22.1,1.063,0.673,1.472,6.3,2.8,9.7,0.978
S1A_IW_GRDH_1SD_20230708_E260,S1A_IW_GRDH_1SDV_20230708T104129_20230708T104158_049331_05EE9E_A6CD,2023-07-08T10:41:29Z,111.18636,20.01161,71.4,326.0,high,104.1,summer,depression,kdv_ok,6,0,0.864,21.4,8.9,33.8,0.986,0.685,1.273,,,,
S1A_IW_GRDH_1SD_20230708_E286,S1A_IW_GRDH_1SDV_20230708T104129_20230708T104158_049331_05EE9E_A6CD,2023-07-08T10:41:29Z,111.57674,20.09785,88.7,178.0,high,149.4,summer,depression,short_wave,9,0,1.003,114.6,40.4,406.5,1.774,1.052,2.805,,,,
S1A_IW_GRDH_1SD_20230708_E337,S1A_IW_GRDH_1SDV_20230708T104129_20230708T104158_049331_05EE9E_A6CD,2023-07-08T10:41:29Z,111.26213,20.25199,71.2,423.0,high,108.8,summer,depression,kdv_ok,6,3,0.873,12.4,5.5,19.3,0.951,0.662,1.227,7.7,7.7,7.7,0.887
S1A_IW_GRDH_1SD_20230708_E340,S1A_IW_GRDH_1SDV_20230708T104129_20230708T104158_049331_05EE9E_A6CD,2023-07-08T10:41:29Z,112.44099,20.27664,94.3,195.0,high,156.0,summer,depression,short_wave,9,0,1.011,98.0,35.0,319.0,1.699,1.005,2.687,,,,
S1A_IW_GRDH_1SD_20230708_E354,S1A_IW_GRDH_1SDV_20230708T104129_20230708T104158_049331_05EE9E_A6CD,2023-07-08T10:41:29Z,110.84036,20.34216,60.2,365.0,high,70.5,summer,depression,kdv_ok,3,0,0.744,6.2,6.2,6.2,0.786,0.594,0.94,,,,
S1A_IW_GRDH_1SD_20230708_E376,S1A_IW_GRDH_1SDV_20230708T104129_20230708T104158_049331_05EE9E_A6CD,2023-07-08T10:41:29Z,112.48587,20.34283,81.3,548.0,high,154.7,summer,depression,kdv_ok,9,3,1.009,12.4,4.4,40.8,1.086,0.687,1.51,5.0,5.0,5.0,0.912
S1A_IW_GRDH_1SD_20230708_E402,S1A_IW_GRDH_1SDV_20230708T104129_20230708T104158_049331_05EE9E_A6CD,2023-07-08T10:41:29Z,111.26784,20.47295,116.9,233.0,high,102.8,summer,depression,short_wave,6,0,0.861,42.2,17.4,67.1,1.093,0.753,1.428,,,,
S1A_IW_GRDH_1SD_20230708_E421,S1A_IW_GRDH_1SDV_20230708T104129_20230708T104158_049331_05EE9E_A6CD,2023-07-08T10:41:29Z,112.42824,20.51067,89.8,489.0,high,146.9,summer,depression,kdv_ok,9,3,1.0,15.0,5.3,55.6,1.093,0.691,1.509,6.3,6.3,6.3,0.921
S1A_IW_GRDH_1SD_20230708_E427,S1A_IW_GRDH_1SDV_20230708T104129_20230708T104158_049331_05EE9E_A6CD,2023-07-08T10:41:29Z,112.73247,20.47771,89.8,222.0,high,157.7,summer,depression,short_wave,9,0,1.012,76.2,27.3,243.3,1.523,0.927,2.407,,,,
S1A_IW_GRDH_1SD_20230708_E475,S1A_IW_GRDH_1SDV_20230708T104129_20230708T104158_049331_05EE9E_A6CD,2023-07-08T10:41:29Z,111.33026,20.59986,80.1,131.0,high,103.7,summer,depression,short_wave,6,0,0.863,132.7,55.3,210.1,1.554,1.07,2.169,,,,
S1A_IW_GRDH_1SD_20230708_E001,S1A_IW_GRDH_1SDV_20230708T104158_20230708T104223_049331_05EE9E_8714,2023-07-08T10:41:58Z,111.82102,20.74696,179.7,647.0,high,106.8,summer,depression,kdv_ok,6,3,0.869,5.3,2.3,8.4,0.901,0.633,1.154,2.6,2.6,2.6,0.838
S1A_IW_GRDH_1SD_20230708_E003,S1A_IW_GRDH_1SDV_20230708T104158_20230708T104223_049331_05EE9E_8714,2023-07-08T10:41:58Z,111.97311,20.75712,52.2,238.0,high,114.3,summer,depression,short_wave,6,0,0.882,38.9,18.0,59.8,1.132,0.78,1.519,,,,
S1A_IW_GRDH_1SD_20230708_E078,S1A_IW_GRDH_1SDV_20230708T104158_20230708T104223_049331_05EE9E_8714,2023-07-08T10:41:58Z,112.05375,21.2074,148.9,454.0,high,71.2,summer,depression,kdv_ok,3,0,0.746,4.0,4.0,4.0,0.774,0.585,0.925,,,,
S1A_IW_GRDH_1SD_20230820_E016,S1A_IW_GRDH_1SDV_20230820T103347_20230820T103416_049958_060290_D11C,2023-08-20T10:33:47Z,113.72428,20.92305,90.6,484.0,high,163.6,summer,depression,short_wave,9,3,1.019,16.4,5.9,49.8,1.118,0.707,1.603,7.1,7.1,7.1,0.943
S1A_IW_GRDH_1SD_20230820_E018,S1A_IW_GRDH_1SDV_20230820T103347_20230820T103416_049958_060290_D11C,2023-08-20T10:33:47Z,113.09512,20.94323,91.3,1036.0,high,131.3,summer,depression,kdv_ok,6,6,0.905,2.1,1.1,3.2,0.923,0.64,1.194,2.4,1.1,3.7,0.924
S1A_IW_GRDH_1SD_20230820_E025,S1A_IW_GRDH_1SDV_20230820T103347_20230820T103416_049958_060290_D11C,2023-08-20T10:33:47Z,112.32148,20.92126,179.4,1066.0,high,107.0,summer,depression,kdv_ok,6,6,0.869,2.0,0.9,3.1,0.881,0.62,1.126,2.7,0.9,4.5,0.883
S1A_IW_GRDH_1SD_20230820_E032,S1A_IW_GRDH_1SDV_20230820T103347_20230820T103416_049958_060290_D11C,2023-08-20T10:33:47Z,112.45965,20.87626,179.8,329.0,high,112.4,summer,depression,short_wave,6,0,0.879,20.4,9.3,31.5,1.016,0.7,1.322,,,,
S1A_IW_GRDH_1SD_20230820_E042,S1A_IW_GRDH_1SDV_20230820T103347_20230820T103416_049958_060290_D11C,2023-08-20T10:33:47Z,114.38332,21.08046,94.3,261.0,high,158.7,summer,depression,short_wave,9,0,1.013,55.3,19.9,175.1,1.345,0.85,2.126,,,,
S1A_IW_GRDH_1SD_20230820_E047,S1A_IW_GRDH_1SDV_20230820T103347_20230820T103416_049958_060290_D11C,2023-08-20T10:33:47Z,114.01142,21.01302,88.7,248.0,high,137.6,summer,depression,short_wave,9,0,0.987,56.6,19.4,263.2,1.304,0.824,1.931,,,,
S1A_IW_GRDH_1SD_20230820_E049,S1A_IW_GRDH_1SDV_20230820T103347_20230820T103416_049958_060290_D11C,2023-08-20T10:33:47Z,112.51872,21.04043,47.5,317.0,high,98.3,summer,depression,kdv_ok,6,0,0.851,24.0,9.1,38.9,0.968,0.677,1.243,,,,
S1A_IW_GRDH_1SD_20230820_E076,S1A_IW_GRDH_1SDV_20230820T103347_20230820T103416_049958_060290_D11C,2023-08-20T10:33:47Z,113.51227,21.14514,86.6,964.0,high,128.3,summer,depression,kdv_ok,6,6,0.902,2.4,1.2,3.7,0.922,0.64,1.191,2.9,1.3,4.5,0.923
S1A_IW_GRDH_1SD_20230820_E079,S1A_IW_GRDH_1SDV_20230820T103347_20230820T103416_049958_060290_D11C,2023-08-20T10:33:47Z,112.65362,21.01923,89.9,1103.0,high,99.8,summer,depression,kdv_ok,6,3,0.855,1.9,0.8,3.1,0.864,0.612,1.098,0.8,0.8,0.8,0.81
S1A_IW_GRDH_1SD_20230820_E107,S1A_IW_GRDH_1SDV_20230820T103347_20230820T103416_049958_060290_D11C,2023-08-20T10:33:47Z,113.68913,21.12946,99.5,914.0,high,137.2,summer,depression,kdv_ok,9,6,0.986,4.2,1.4,19.7,1.017,0.647,1.334,3.3,1.5,5.1,0.938
S1A_IW_GRDH_1SD_20230820_E117,S1A_IW_GRDH_1SDV_20230820T103347_20230820T103416_049958_060290_D11C,2023-08-20T10:33:47Z,113.89251,21.13789,0.1,1178.0,high,150.4,summer,depression,kdv_ok,9,6,1.004,2.6,0.9,9.2,1.025,0.649,1.364,1.9,1.0,2.9,0.942
S1A_IW_GRDH_1SD_20230820_E123,S1A_IW_GRDH_1SDV_20230820T103347_20230820T103416_049958_060290_D11C,2023-08-20T10:33:47Z,112.24009,21.35198,90.0,265.0,high,59.1,summer,depression,kdv_ok,3,0,0.704,14.9,14.9,14.9,0.76,0.575,0.909,,,,
S1A_IW_GRDH_1SD_20230820_E132,S1A_IW_GRDH_1SDV_20230820T103347_20230820T103416_049958_060290_D11C,2023-08-20T10:33:47Z,113.7382,21.16873,89.8,558.0,high,145.3,summer,depression,kdv_ok,9,3,0.998,11.5,4.0,43.8,1.072,0.678,1.456,4.6,4.6,4.6,0.9
S1A_IW_GRDH_1SD_20230820_E145,S1A_IW_GRDH_1SDV_20230820T103347_20230820T103416_049958_060290_D11C,2023-08-20T10:33:47Z,112.92152,21.23711,104.4,681.0,high,82.5,summer,depression,kdv_ok,3,3,0.773,1.8,1.8,1.8,0.789,0.597,0.943,2.1,2.1,2.1,0.79
S1A_IW_GRDH_1SD_20230820_E157,S1A_IW_GRDH_1SDV_20230820T103347_20230820T103416_049958_060290_D11C,2023-08-20T10:33:47Z,114.48843,21.24847,30.1,230.0,high,139.3,summer,depression,short_wave,9,0,0.99,66.2,22.8,291.4,1.36,0.86,2.061,,,,
S1A_IW_GRDH_1SD_20230820_E217,S1A_IW_GRDH_1SDV_20230820T103347_20230820T103416_049958_060290_D11C,2023-08-20T10:33:47Z,114.34037,21.35693,179.8,567.0,high,146.0,summer,depression,kdv_ok,9,3,0.999,11.1,3.9,41.9,1.071,0.677,1.456,4.4,4.4,4.4,0.899
S1A_IW_GRDH_1SD_20230820_E222,S1A_IW_GRDH_1SDV_20230820T103347_20230820T103416_049958_060290_D11C,2023-08-20T10:33:47Z,113.27643,21.41137,93.2,918.0,high,71.5,summer,depression,kdv_ok,3,3,0.747,1.0,1.0,1.0,0.754,0.57,0.901,1.1,1.1,1.1,0.754
S1A_IW_GRDH_1SD_20230820_E235,S1A_IW_GRDH_1SDV_20230820T103347_20230820T103416_049958_060290_D11C,2023-08-20T10:33:47Z,112.68263,21.43184,162.7,759.0,high,58.1,summer,depression,kdv_ok,3,0,0.699,1.9,1.9,1.9,0.706,0.533,0.843,,,,
S1A_IW_GRDH_1SD_20230820_E251,S1A_IW_GRDH_1SDV_20230820T103347_20230820T103416_049958_060290_D11C,2023-08-20T10:33:47Z,114.27153,21.51231,82.9,388.0,high,113.9,summer,depression,kdv_ok,6,3,0.881,14.6,6.8,22.5,0.982,0.679,1.274,10.9,10.9,10.9,0.92
S1A_IW_GRDH_1SD_20230820_E253,S1A_IW_GRDH_1SDV_20230820T103347_20230820T103416_049958_060290_D11C,2023-08-20T10:33:47Z,113.74418,21.55838,90.5,447.0,high,85.0,summer,depression,kdv_ok,3,3,0.778,4.2,4.2,4.2,0.817,0.617,0.976,7.1,7.1,7.1,0.829
S1A_IW_GRDH_1SD_20230820_E284,S1A_IW_GRDH_1SDV_20230820T103347_20230820T103416_049958_060290_D11C,2023-08-20T10:33:47Z,113.4648,21.56795,90.1,837.0,high,72.0,summer,depression,kdv_ok,3,3,0.748,1.2,1.2,1.2,0.757,0.572,0.904,1.3,1.3,1.3,0.757
S1A_IW_GRDH_1SD_20230820_E297,S1A_IW_GRDH_1SDV_20230820T103347_20230820T103416_049958_060290_D11C,2023-08-20T10:33:47Z,114.05303,21.57432,1.6,613.0,high,106.4,summer,depression,kdv_ok,6,3,0.868,6.0,2.6,9.4,0.904,0.634,1.158,2.9,2.9,2.9,0.841
S1A_IW_GRDH_1SD_20230820_E299,S1A_IW_GRDH_1SDV_20230820T103347_20230820T103416_049958_060290_D11C,2023-08-20T10:33:47Z,113.50835,21.60127,89.9,978.0,high,70.8,summer,depression,kdv_ok,3,3,0.745,0.9,0.9,0.9,0.751,0.568,0.898,0.9,0.9,0.9,0.751
S1A_IW_GRDH_1SD_20230820_E350,S1A_IW_GRDH_1SDV_20230820T103347_20230820T103416_049958_060290_D11C,2023-08-20T10:33:47Z,113.79743,21.73088,86.9,463.0,high,76.4,summer,depression,kdv_ok,3,0,0.76,3.8,3.8,3.8,0.79,0.597,0.944,,,,
S1A_IW_GRDH_1SD_20230820_E374,S1A_IW_GRDH_1SDV_20230820T103347_20230820T103416_049958_060290_D11C,2023-08-20T10:33:47Z,113.64351,21.80305,91.6,312.0,high,65.6,summer,depression,kdv_ok,3,0,0.729,8.9,8.9,8.9,0.779,0.589,0.931,,,,
S1A_IW_GRDH_1SD_20230820_E384,S1A_IW_GRDH_1SDV_20230820T103347_20230820T103416_049958_060290_D11C,2023-08-20T10:33:47Z,113.50501,21.76957,34.0,198.0,high,59.3,summer,depression,djl_needed,3,0,0.704,26.6,26.6,26.6,0.806,0.609,0.963,,,,
S1A_IW_GRDH_1SD_20230820_E392,S1A_IW_GRDH_1SDV_20230820T103347_20230820T103416_049958_060290_D11C,2023-08-20T10:33:47Z,114.37209,21.79554,89.9,593.0,high,98.4,summer,depression,kdv_ok,6,3,0.851,6.9,2.6,11.1,0.885,0.626,1.126,3.0,3.0,3.0,0.829
S1A_IW_GRDH_1SD_20230820_E397,S1A_IW_GRDH_1SDV_20230820T103347_20230820T103416_049958_060290_D11C,2023-08-20T10:33:47Z,114.43169,21.82066,89.4,578.0,high,104.1,summer,depression,kdv_ok,6,3,0.864,6.8,2.8,10.7,0.902,0.634,1.154,3.3,3.3,3.3,0.841
S1A_IW_GRDH_1SD_20230820_E426,S1A_IW_GRDH_1SDV_20230820T103347_20230820T103416_049958_060290_D11C,2023-08-20T10:33:47Z,114.08318,22.00849,91.9,576.0,high,57.5,summer,depression,kdv_ok,3,0,0.696,3.5,3.5,3.5,0.708,0.535,0.846,,,,
S1A_IW_GRDH_1SD_20230820_E430,S1A_IW_GRDH_1SDV_20230820T103347_20230820T103416_049958_060290_D11C,2023-08-20T10:33:47Z,114.58076,21.92981,90.2,936.0,high,103.3,summer,depression,kdv_ok,6,3,0.862,2.6,1.1,4.1,0.877,0.619,1.117,1.1,1.1,1.1,0.819
S1A_IW_GRDH_1SD_20230820_E431,S1A_IW_GRDH_1SDV_20230820T103347_20230820T103416_049958_060290_D11C,2023-08-20T10:33:47Z,114.43417,21.99433,71.3,190.0,high,78.9,summer,depression,short_wave,3,0,0.766,22.9,22.9,22.9,0.954,0.721,1.14,,,,
S1A_IW_GRDH_1SD_20230820_E449,S1A_IW_GRDH_1SDV_20230820T103347_20230820T103416_049958_060290_D11C,2023-08-20T10:33:47Z,114.51563,22.05452,89.3,708.0,high,75.9,summer,depression,kdv_ok,3,3,0.759,1.6,1.6,1.6,0.771,0.583,0.922,1.9,1.9,1.9,0.772
S1A_IW_GRDH_1SD_20230820_E450,S1A_IW_GRDH_1SDV_20230820T103347_20230820T103416_049958_060290_D11C,2023-08-20T10:33:47Z,114.4735,22.01276,5.5,402.0,high,80.4,summer,depression,kdv_ok,3,0,0.769,5.1,5.1,5.1,0.812,0.614,0.971,,,,
S1A_IW_GRDH_1SD_20230825_E007,S1A_IW_GRDH_1SDV_20230825T104131_20230825T104200_050031_0604FA_DC8D,2023-08-25T10:41:31Z,111.00339,19.02824,90.2,387.0,high,201.2,summer,depression,short_wave,9,3,1.036,30.1,11.3,77.7,1.247,0.782,1.972,16.9,16.9,16.9,1.072
S1A_IW_GRDH_1SD_20230825_E012,S1A_IW_GRDH_1SDV_20230825T104131_20230825T104200_050031_0604FA_DC8D,2023-08-25T10:41:31Z,111.84602,19.10746,85.5,459.0,high,330.3,summer,depression,short_wave,9,3,1.065,33.7,13.0,78.1,1.479,0.834,2.338,17.5,17.5,17.5,1.136
S1A_IW_GRDH_1SD_20230825_E023,S1A_IW_GRDH_1SDV_20230825T104131_20230825T104200_050031_0604FA_DC8D,2023-08-25T10:41:31Z,111.51482,19.11275,90.0,1441.0,high,277.6,summer,depression,kdv_ok,9,9,1.056,2.9,1.1,6.9,1.077,0.681,1.582,3.0,1.1,7.7,1.078
S1A_IW_GRDH_1SD_20230825_E026,S1A_IW_GRDH_1SDV_20230825T104131_20230825T104200_050031_0604FA_DC8D,2023-08-25T10:41:31Z,112.8005,19.12956,99.3,722.0,high,578.6,summer,depression,short_wave,9,6,1.083,23.5,9.1,53.3,1.431,0.805,2.262,21.9,10.5,33.3,1.208
S1A_IW_GRDH_1SD_20230825_E054,S1A_IW_GRDH_1SDV_20230825T104131_20230825T104200_050031_0604FA_DC8D,2023-08-25T10:41:31Z,111.80509,19.2369,89.7,840.0,high,263.4,summer,depression,kdv_ok,9,6,1.054,8.1,3.1,19.4,1.112,0.703,1.679,6.3,3.3,9.4,1.023
S1A_IW_GRDH_1SD_20230825_E092,S1A_IW_GRDH_1SDV_20230825T104131_20230825T104200_050031_0604FA_DC8D,2023-08-25T10:41:31Z,112.24145,19.44673,101.0,348.0,high,246.3,summer,depression,short_wave,9,0,1.05,44.5,16.9,107.5,1.517,0.863,2.398,,,,
S1A_IW_GRDH_1SD_20230825_E105,S1A_IW_GRDH_1SDV_20230825T104131_20230825T104200_050031_0604FA_DC8D,2023-08-25T10:41:31Z,112.72713,19.58541,90.1,334.0,high,320.6,summer,depression,short_wave,9,0,1.063,61.8,23.8,143.8,1.822,0.966,2.973,,,,
S1A_IW_GRDH_1SD_20230825_E107,S1A_IW_GRDH_1SDV_20230825T104131_20230825T104200_050031_0604FA_DC8D,2023-08-25T10:41:31Z,111.57807,19.57865,90.0,572.0,high,214.4,summer,depression,short_wave,9,3,1.041,14.6,5.5,36.6,1.14,0.721,1.727,6.2,6.2,6.2,0.959
S1A_IW_GRDH_1SD_20230825_E142,S1A_IW_GRDH_1SDV_20230825T104131_20230825T104200_050031_0604FA_DC8D,2023-08-25T10:41:31Z,112.73453,20.06757,89.4,253.0,high,194.2,summer,depression,short_wave,9,0,1.034,68.5,25.5,179.6,1.649,0.938,2.607,,,,
S1A_IW_GRDH_1SD_20230825_E144,S1A_IW_GRDH_1SDV_20230825T104131_20230825T104200_050031_0604FA_DC8D,2023-08-25T10:41:31Z,112.78926,20.03148,89.7,1045.0,high,199.5,summer,depression,kdv_ok,9,6,1.036,4.1,1.5,10.6,1.063,0.672,1.507,3.0,1.6,4.5,0.976
S1A_IW_GRDH_1SD_20230825_E160,S1A_IW_GRDH_1SDV_20230825T104131_20230825T104200_050031_0604FA_DC8D,2023-08-25T10:41:31Z,111.06504,20.1324,90.0,575.0,high,77.2,summer,depression,kdv_ok,3,3,0.762,2.5,2.5,2.5,0.782,0.591,0.934,3.2,3.2,3.2,0.784
S1A_IW_GRDH_1SD_20230825_E172,S1A_IW_GRDH_1SDV_20230825T104131_20230825T104200_050031_0604FA_DC8D,2023-08-25T10:41:31Z,111.97178,20.16583,89.6,704.0,high,174.1,summer,depression,kdv_ok,9,6,1.025,8.1,3.0,23.0,1.075,0.68,1.515,7.0,3.2,10.8,0.989
S1A_IW_GRDH_1SD_20230825_E176,S1A_IW_GRDH_1SDV_20230825T104131_20230825T104200_050031_0604FA_DC8D,2023-08-25T10:41:31Z,111.14662,20.1799,90.0,539.0,high,93.9,summer,depression,kdv_ok,6,3,0.841,9.1,3.1,15.2,0.878,0.623,1.113,3.7,3.7,3.7,0.827
S1A_IW_GRDH_1SD_20230825_E179,S1A_IW_GRDH_1SDV_20230825T104131_20230825T104200_050031_0604FA_DC8D,2023-08-25T10:41:31Z,111.19336,20.1701,89.8,153.0,high,102.3,summer,depression,short_wave,6,0,0.86,98.4,40.1,156.6,1.364,0.939,1.858,,,,
S1A_IW_GRDH_1SD_20230825_E206,S1A_IW_GRDH_1SDV_20230825T104131_20230825T104200_050031_0604FA_DC8D,2023-08-25T10:41:31Z,112.01802,20.2495,88.3,119.0,high,166.1,summer,depression,short_wave,9,0,1.021,274.5,99.6,817.0,3.413,1.703,5.425,,,,
S1A_IW_GRDH_1SD_20230825_E218,S1A_IW_GRDH_1SDV_20230825T104131_20230825T104200_050031_0604FA_DC8D,2023-08-25T10:41:31Z,111.11254,20.31347,90.3,290.0,high,83.4,summer,depression,kdv_ok,3,0,0.775,10.0,10.0,10.0,0.864,0.653,1.032,,,,
S1A_IW_GRDH_1SD_20230825_E247,S1A_IW_GRDH_1SDV_20230825T104131_20230825T104200_050031_0604FA_DC8D,2023-08-25T10:41:31Z,111.62115,20.39672,151.2,218.0,high,134.9,summer,depression,short_wave,9,0,0.983,72.7,24.6,374.9,1.38,0.873,2.074,,,,
S1A_IW_GRDH_1SD_20230825_E251,S1A_IW_GRDH_1SDV_20230825T104131_20230825T104200_050031_0604FA_DC8D,2023-08-25T10:41:31Z,111.16223,20.48946,89.8,602.0,high,92.7,summer,depression,kdv_ok,6,3,0.838,7.6,2.4,12.7,0.867,0.617,1.097,2.8,2.8,2.8,0.818
S1A_IW_GRDH_1SD_20230825_E270,S1A_IW_GRDH_1SDV_20230825T104131_20230825T104200_050031_0604FA_DC8D,2023-08-25T10:41:31Z,112.81148,20.47353,71.0,615.0,high,160.7,summer,depression,kdv_ok,9,3,1.016,10.0,3.6,31.2,1.078,0.682,1.501,4.0,4.0,4.0,0.904
S1A_IW_GRDH_1SD_20230825_E271,S1A_IW_GRDH_1SDV_20230825T104131_20230825T104200_050031_0604FA_DC8D,2023-08-25T10:41:31Z,111.07923,20.43836,89.1,132.0,high,82.5,summer,depression,short_wave,3,0,0.773,48.0,48.0,48.0,1.193,0.902,1.426,,,,
S1A_IW_GRDH_1SD_20230825_E299,S1A_IW_GRDH_1SDV_20230825T104131_20230825T104200_050031_0604FA_DC8D,2023-08-25T10:41:31Z,111.79461,20.60134,94.9,251.0,high,121.7,summer,depression,short_wave,6,0,0.893,35.3,17.0,53.5,1.135,0.782,1.539,,,,
S1A_IW_GRDH_1SD_20230825_E303,S1A_IW_GRDH_1SDV_20230825T104131_20230825T104200_050031_0604FA_DC8D,2023-08-25T10:41:31Z,112.73487,20.47879,104.6,555.0,high,157.4,summer,depression,kdv_ok,9,3,1.012,12.2,4.4,39.0,1.087,0.688,1.518,4.9,4.9,4.9,0.913
S1A_IW_GRDH_1SD_20230825_E319,S1A_IW_GRDH_1SDV_20230825T104131_20230825T104200_050031_0604FA_DC8D,2023-08-25T10:41:31Z,111.65692,20.55799,89.1,272.0,high,117.0,summer,depression,short_wave,6,0,0.886,29.8,14.0,45.6,1.086,0.748,1.448,,,,
S1A_IW_GRDH_1SD_20230825_E340,S1A_IW_GRDH_1SDV_20230825T104131_20230825T104200_050031_0604FA_DC8D,2023-08-25T10:41:31Z,111.63378,20.59649,0.0,1246.0,high,118.0,summer,depression,kdv_ok,6,6,0.888,1.4,0.7,2.2,0.898,0.628,1.154,1.6,0.7,2.5,0.899
S1A_IW_GRDH_1SD_20230825_E341,S1A_IW_GRDH_1SDV_20230825T104131_20230825T104200_050031_0604FA_DC8D,2023-08-25T10:41:31Z,111.12188,20.62872,90.3,733.0,high,74.9,summer,depression,kdv_ok,3,3,0.756,1.5,1.5,1.5,0.768,0.58,0.918,1.8,1.8,1.8,0.769
S1A_IW_GRDH_1SD_20230825_E345,S1A_IW_GRDH_1SDV_20230825T104131_20230825T104200_050031_0604FA_DC8D,2023-08-25T10:41:31Z,111.64822,20.6646,83.9,778.0,high,113.9,summer,depression,kdv_ok,6,3,0.881,3.6,1.7,5.6,0.906,0.634,1.164,1.8,1.8,1.8,0.839
S1A_IW_GRDH_1SD_20230930_E116,S1A_IW_GRDH_1SDV_20230930T104133_20230930T104202_050556_0616E8_7E00,2023-09-30T10:41:33Z,111.19688,19.72358,90.0,962.0,high,122.9,summer,depression,kdv_ok,6,6,0.895,2.4,1.2,3.6,0.913,0.636,1.178,2.9,1.2,4.6,0.915
S1A_IW_GRDH_1SD_20230930_E154,S1A_IW_GRDH_1SDV_20230930T104133_20230930T104202_050556_0616E8_7E00,2023-09-30T10:41:33Z,111.46509,19.9902,90.0,479.0,high,146.5,summer,depression,kdv_ok,9,3,0.999,15.6,5.5,58.3,1.096,0.693,1.514,6.6,6.6,6.6,0.924
S1A_IW_GRDH_1SD_20230930_E166,S1A_IW_GRDH_1SDV_20230930T104133_20230930T104202_050556_0616E8_7E00,2023-09-30T10:41:33Z,111.10609,20.03884,80.8,938.0,high,91.7,summer,depression,kdv_ok,6,3,0.835,3.2,1.0,5.5,0.847,0.605,1.068,1.1,1.1,1.1,0.8
S1A_IW_GRDH_1SD_20230930_E175,S1A_IW_GRDH_1SDV_20230930T104133_20230930T104202_050556_0616E8_7E00,2023-09-30T10:41:33Z,111.18028,20.15108,89.2,228.0,high,102.5,summer,depression,short_wave,6,0,0.86,44.2,18.1,70.4,1.101,0.758,1.439,,,,
S1A_IW_GRDH_1SD_20230930_E179,S1A_IW_GRDH_1SDV_20230930T104133_20230930T104202_050556_0616E8_7E00,2023-09-30T10:41:33Z,111.04969,20.13448,85.0,235.0,high,73.9,summer,depression,kdv_ok,3,0,0.754,14.9,14.9,14.9,0.863,0.653,1.032,,,,
S1A_IW_GRDH_1SD_20230930_E198,S1A_IW_GRDH_1SDV_20230930T104133_20230930T104202_050556_0616E8_7E00,2023-09-30T10:41:33Z,111.38198,20.25178,90.3,898.0,high,128.8,summer,depression,kdv_ok,6,6,0.902,2.8,1.4,4.2,0.925,0.642,1.197,3.4,1.5,5.4,0.927
S1A_IW_GRDH_1SD_20230930_E204,S1A_IW_GRDH_1SDV_20230930T104133_20230930T104202_050556_0616E8_7E00,2023-09-30T10:41:33Z,110.99554,20.279,101.4,1025.0,high,57.5,summer,depression,kdv_ok,3,0,0.697,1.1,1.1,1.1,0.7,0.529,0.837,,,,
S1A_IW_GRDH_1SD_20230930_E220,S1A_IW_GRDH_1SDV_20230930T104133_20230930T104202_050556_0616E8_7E00,2023-09-30T10:41:33Z,111.43975,20.32465,135.4,401.0,high,131.8,summer,depression,kdv_ok,6,3,0.906,14.2,7.1,21.3,1.015,0.699,1.345,10.1,10.1,10.1,0.942
S1A_IW_GRDH_1SD_20230930_E222,S1A_IW_GRDH_1SDV_20230930T104133_20230930T104202_050556_0616E8_7E00,2023-09-30T10:41:33Z,111.34513,20.58018,6.9,155.0,high,105.0,summer,depression,short_wave,6,0,0.865,94.0,39.8,148.2,1.374,0.946,1.886,,,,
S1A_IW_GRDH_1SD_20230930_E270,S1A_IW_GRDH_1SDV_20230930T104133_20230930T104202_050556_0616E8_7E00,2023-09-30T10:41:33Z,112.18875,20.58594,100.2,454.0,high,135.5,summer,depression,kdv_ok,9,3,0.984,16.8,5.7,84.5,1.088,0.688,1.466,7.1,7.1,7.1,0.919
S1A_IW_GRDH_1SD_20230930_E282,S1A_IW_GRDH_1SDV_20230930T104133_20230930T104202_050556_0616E8_7E00,2023-09-30T10:41:33Z,111.0433,20.69884,87.9,254.0,high,66.1,summer,depression,kdv_ok,3,0,0.73,13.4,13.4,13.4,0.807,0.61,0.964,,,,
S1A_IW_GRDH_1SD_20230930_E292,S1A_IW_GRDH_1SDV_20230930T104133_20230930T104202_050556_0616E8_7E00,2023-09-30T10:41:33Z,111.95368,20.67825,83.1,463.0,high,116.9,summer,depression,kdv_ok,6,3,0.886,10.3,4.8,15.7,0.96,0.665,1.243,6.1,6.1,6.1,0.886
S1A_IW_GRDH_1SD_20230930_E296,S1A_IW_GRDH_1SDV_20230930T104133_20230930T104202_050556_0616E8_7E00,2023-09-30T10:41:33Z,112.20744,20.67411,132.0,801.0,high,131.0,summer,depression,kdv_ok,6,6,0.905,3.6,1.8,5.3,0.935,0.647,1.211,4.7,1.9,7.5,0.938
S1A_IW_GRDH_1SD_20230930_E299,S1A_IW_GRDH_1SDV_20230930T104133_20230930T104202_050556_0616E8_7E00,2023-09-30T10:41:33Z,112.05116,20.65178,90.1,204.0,high,135.6,summer,depression,short_wave,9,0,0.984,83.2,28.2,417.5,1.437,0.909,2.199,,,,
S1A_IW_GRDH_1SD_20230930_E011,S1A_IW_GRDH_1SDV_20230930T104202_20230930T104227_050556_0616E8_F792_COG,2023-09-30T10:42:02Z,112.38236,20.86282,88.9,456.0,high,109.6,summer,depression,kdv_ok,6,3,0.874,10.7,4.7,16.6,0.942,0.656,1.214,6.1,6.1,6.1,0.875
S1A_IW_GRDH_1SD_20231010_E011,S1A_IW_GRDH_1SDV_20231010T105723_20231010T105748_050702_061BEB_1886,2023-10-10T10:57:23Z,108.79592,16.823,84.6,100.0,high,203.2,autumn,depression,short_wave,9,0,1.018,1167.7,455.3,5881.5,6.619,3.642,10.809,,,,
S1A_IW_GRDH_1SD_20231010_E020,S1A_IW_GRDH_1SDV_20231010T105723_20231010T105748_050702_061BEB_1886,2023-10-10T10:57:23Z,108.15193,16.82837,89.8,164.0,high,163.4,autumn,depression,short_wave,6,0,0.913,288.4,143.0,433.9,2.152,1.472,3.074,,,,
S1A_IW_GRDH_1SD_20231010_E104,S1A_IW_GRDH_1SDV_20231010T105723_20231010T105748_050702_061BEB_1886,2023-10-10T10:57:23Z,108.47687,17.16384,92.8,193.0,high,170.2,autumn,depression,short_wave,6,0,0.921,207.0,106.2,307.7,1.884,1.288,2.677,,,,
S1A_IW_GRDH_1SD_20231010_E122,S1A_IW_GRDH_1SDV_20231010T105723_20231010T105748_050702_061BEB_1886,2023-10-10T10:57:23Z,108.51046,17.18183,88.8,267.0,high,169.8,autumn,depression,short_wave,6,0,0.921,108.1,55.4,160.9,1.425,0.992,1.984,,,,
S1A_IW_GRDH_1SD_20231010_E136,S1A_IW_GRDH_1SDV_20231010T105723_20231010T105748_050702_061BEB_1886,2023-10-10T10:57:23Z,108.58548,17.24103,90.0,392.0,high,179.3,autumn,depression,short_wave,6,0,0.931,50.4,26.8,74.0,1.187,0.838,1.635,,,,
S1A_IW_GRDH_1SD_20231010_E137,S1A_IW_GRDH_1SDV_20231010T105723_20231010T105748_050702_061BEB_1886,2023-10-10T10:57:23Z,108.4151,17.28011,89.8,288.0,high,184.3,autumn,depression,short_wave,6,0,0.936,94.0,50.7,137.2,1.432,0.99,2.006,,,,
S1A_IW_GRDH_1SD_20231010_E150,S1A_IW_GRDH_1SDV_20231010T105723_20231010T105748_050702_061BEB_1886,2023-10-10T10:57:23Z,108.65246,17.29312,98.2,121.0,high,182.1,autumn,depression,short_wave,6,0,0.934,530.6,284.4,776.8,3.619,2.409,5.394,,,,
S1A_IW_GRDH_1SD_20231010_E295,S1A_IW_GRDH_1SDV_20231010T105723_20231010T105748_050702_061BEB_1886,2023-10-10T10:57:23Z,107.88481,17.76156,89.9,1168.0,high,173.8,autumn,depression,kdv_ok,6,3,0.925,5.7,2.9,8.4,0.953,0.691,1.282,3.2,3.2,3.2,0.892
S1A_IW_GRDH_1SD_20231010_E429,S1A_IW_GRDH_1SDV_20231010T105723_20231010T105748_050702_061BEB_1886,2023-10-10T10:57:23Z,108.27784,18.11329,90.0,137.0,high,165.6,autumn,depression,short_wave,6,0,0.916,412.0,206.8,617.2,2.716,1.845,3.948,,,,
